timestamp,k_value,average_path_length,num_connected_pairs,total_pairs,connectivity_percentage,min_path_length,max_path_length,num_ground_stations,num_satellites,average_hops
5000000000,0,8436889.407267671,4950,4950,100.0,2107632.0,19100933.0,100,351,2.7894949494949497
5000000000,25,9556848.2802494,4950,4950,100.0,2107632.0,21846919.902464014,100,326,2.6632323232323234
5000000000,50,9696118.210545126,4950,4950,100.0,2107632.0,22320602.236524597,100,301,2.7755555555555556
5000000000,75,9753641.510304252,4950,4950,100.0,2107632.0,22320602.236524597,100,276,2.8333333333333335
5000000000,100,9846000.634390725,4950,4950,100.0,2107632.0,22553594.25,100,251,2.9125252525252527
5000000000,125,9975629.79434845,4950,4950,100.0,2107632.0,23080691.375,100,226,2.998989898989899
5000000000,150,10233943.410613839,4950,4950,100.0,2107632.0,24433045.106261965,100,201,3.101010101010101
5000000000,175,11085915.183149388,4950,4950,100.0,2107632.0,27294457.569814235,100,176,3.3313131313131312
5000000000,200,11661892.437998576,4950,4950,100.0,2117076.625,27747068.5,100,151,3.4024242424242424
5000000000,225,12229167.524154648,4950,4950,100.0,2255435.75,29246837.06934071,100,126,3.497777777777778
5000000000,250,14566944.364495613,4851,4950,98.0,2255435.75,36868670.625,100,101,3.9676355390641107
25000000000,0,9492090.537914148,4950,4950,100.0,2103949.8125,21771036.5,100,351,2.657979797979798
25000000000,25,9555722.780047944,4950,4950,100.0,2103949.8125,21795556.27677149,100,326,2.7177777777777776
25000000000,50,9620453.627013272,4950,4950,100.0,2103949.8125,21840475.898237236,100,301,2.7977777777777777
25000000000,75,9742093.43031491,4950,4950,100.0,2103949.8125,22170688.034107447,100,276,2.8363636363636364
25000000000,100,9870690.675828734,4950,4950,100.0,2103949.8125,22582076.140268236,100,251,2.9446464646464645
25000000000,125,10088613.886638092,4950,4950,100.0,2103949.8125,22746497.21067334,100,226,3.0046464646464646
25000000000,150,10290496.300132953,4950,4950,100.0,2103949.8125,25036555.535365522,100,201,3.114141414141414
25000000000,175,10753657.413220242,4950,4950,100.0,2103949.8125,25419667.478417046,100,176,3.282828282828283
25000000000,200,11494922.297800139,4950,4950,100.0,2103949.8125,29172059.75,100,151,3.3834343434343435
25000000000,225,12912837.840078209,4950,4950,100.0,2242747.1875,29216716.375,100,126,3.523030303030303
25000000000,250,14631749.588212777,4753,4950,96.02020202020202,2242747.1875,37550686.74766359,100,101,3.893751314958973
0,0,8381436.79691989,4950,4950,100.0,2107886.375,19397169.875,100,351,2.7115151515151514
0,25,9565680.88607031,4950,4950,100.0,2107886.375,21860599.30423083,100,326,2.683030303030303
0,50,9666191.116299592,4950,4950,100.0,2107886.375,21964294.255194843,100,301,2.7795959595959596
0,75,9754022.53755951,4950,4950,100.0,2107886.375,22404195.191852484,100,276,2.851717171717172
0,100,9838004.069323415,4950,4950,100.0,2107886.375,22948601.286784735,100,251,2.910707070707071
0,125,10013508.0077941,4950,4950,100.0,2107886.375,23157814.651971504,100,226,2.9917171717171716
0,150,10296411.107800342,4950,4950,100.0,2107886.375,24418689.43070098,100,201,3.133939393939394
0,175,11064367.456726572,4950,4950,100.0,2107886.375,24913647.43219219,100,176,3.35030303030303
0,200,11803687.785372326,4950,4950,100.0,2107886.375,27128851.728176124,100,151,3.452121212121212
0,225,13663633.39138505,4851,4950,98.0,2239529.75,31330706.875,100,126,3.6854256854256855
0,250,14653895.104317546,4851,4950,98.0,2239529.75,36929394.75,100,101,4.001030715316429
30000000000,0,9499192.672260402,4950,4950,100.0,2108703.6875,21767817.0,100,351,2.6195959595959595
30000000000,25,9556835.29664308,4950,4950,100.0,2108703.6875,21814571.5,100,326,2.6614141414141415
30000000000,50,9657079.802919183,4950,4950,100.0,2108703.6875,22123875.5,100,301,2.7622222222222224
30000000000,75,9744970.788222663,4950,4950,100.0,2108703.6875,22181601.0,100,276,2.838989898989899
30000000000,100,9915278.576517716,4950,4950,100.0,2108703.6875,22578586.07135367,100,251,2.9331313131313133
30000000000,125,10085869.079538314,4950,4950,100.0,2108703.6875,22749348.609845944,100,226,2.9905050505050506
30000000000,150,10280813.622707369,4950,4950,100.0,2108703.6875,25052858.067580335,100,201,3.0856565656565658
30000000000,175,10863892.709725708,4950,4950,100.0,2108703.6875,25447539.464439735,100,176,3.3224242424242423
30000000000,200,11449997.288419854,4950,4950,100.0,2108703.6875,27696986.269462854,100,151,3.5254545454545454
30000000000,225,12512237.847115904,4950,4950,100.0,2195282.0,29239376.0,100,126,3.554949494949495
30000000000,250,14629882.434318345,4753,4950,96.02020202020202,2225923.4375,37642505.321522474,100,101,3.931622133389438
10000000000,0,9466924.953583747,4950,4950,100.0,2103305.1875,21781485.0,100,351,2.6422222222222222
10000000000,25,9529880.540976234,4950,4950,100.0,2103305.1875,21846332.5,100,326,2.682020202020202
10000000000,50,9649296.549354553,4950,4950,100.0,2103305.1875,22209450.0,100,301,2.783232323232323
10000000000,75,9707779.923481287,4950,4950,100.0,2103305.1875,22226733.319473922,100,276,2.8365656565656567
10000000000,100,9835971.54375751,4950,4950,100.0,2103305.1875,22593031.713944543,100,251,2.942020202020202
10000000000,125,10058743.915386619,4950,4950,100.0,2103305.1875,23076122.5,100,226,3.0393939393939395
10000000000,150,10360971.836228834,4950,4950,100.0,2103305.1875,26213434.554783,100,201,3.188686868686869
10000000000,175,10944397.883701216,4950,4950,100.0,2103305.1875,27469217.625,100,176,3.2707070707070707
10000000000,200,11684935.8038151,4950,4950,100.0,2103305.1875,27750546.00911729,100,151,3.4278787878787877
10000000000,225,12629649.86313217,4950,4950,100.0,2273292.375,29570216.00911729,100,126,3.5155555555555558
10000000000,250,14364690.246336903,4753,4950,96.02020202020202,2273292.375,36884024.75,100,101,3.950347149168946
35000000000,0,9497523.841946134,4950,4950,100.0,2115707.25,21764729.0,100,351,2.618181818181818
35000000000,25,9559261.103998188,4950,4950,100.0,2115707.25,21816325.5,100,326,2.665050505050505
35000000000,50,9657600.571559947,4950,4950,100.0,2115707.25,22119488.0,100,301,2.7585858585858585
35000000000,75,9743994.479589049,4950,4950,100.0,2115707.25,22197583.0,100,276,2.845050505050505
35000000000,100,9906784.918188412,4950,4950,100.0,2115707.25,22575171.46431109,100,251,2.9327272727272726
35000000000,125,10141664.950010996,4950,4950,100.0,2115707.25,22843428.875,100,226,3.0042424242424244
35000000000,150,10309571.866478587,4950,4950,100.0,2115707.25,25070599.615940228,100,201,3.0775757575757576
35000000000,175,10782529.233429307,4950,4950,100.0,2115707.25,25441579.866719544,100,176,3.343232323232323
35000000000,200,11327539.759409182,4950,4950,100.0,2115707.25,27858197.76005643,100,151,3.5086868686868686
35000000000,225,12538726.370977309,4950,4950,100.0,2210987.4375,29264830.75,100,126,3.5644444444444443
35000000000,250,14269239.372451475,4753,4950,96.02020202020202,2210987.4375,36284608.81065619,100,101,3.835261939827477
20000000000,0,9497246.333258986,4950,4950,100.0,2101461.25,21774388.5,100,351,2.6193939393939396
20000000000,25,9558803.622063003,4950,4950,100.0,2101461.25,21841446.483313523,100,326,2.6698989898989898
20000000000,50,9659507.331639195,4950,4950,100.0,2101461.25,22205246.0,100,301,2.752121212121212
20000000000,75,9749951.86581849,4950,4950,100.0,2101461.25,22225447.0,100,276,2.833939393939394
20000000000,100,9871890.355968622,4950,4950,100.0,2101461.25,22585646.898797695,100,251,2.9426262626262627
20000000000,125,10104589.16860303,4950,4950,100.0,2101461.25,23062109.25,100,226,3.032121212121212
20000000000,150,10497626.725754123,4950,4950,100.0,2101461.25,25021701.662979394,100,201,3.2147474747474747
20000000000,175,10776928.357560493,4950,4950,100.0,2101461.25,25445600.88125743,100,176,3.294949494949495
20000000000,200,11573343.841888452,4950,4950,100.0,2101461.25,29157919.75,100,151,3.4193939393939394
20000000000,225,12958712.229035785,4950,4950,100.0,2261429.0,29196843.25,100,126,3.5276767676767675
20000000000,250,14605230.988268297,4753,4950,96.02020202020202,2261429.0,37549162.78502465,100,101,3.90847885545971
15000000000,0,9319032.361561486,4950,4950,100.0,2101246.125,21777871.0,100,351,2.622020202020202
15000000000,25,9552088.557615878,4950,4950,100.0,2101246.125,21842844.23809708,100,326,2.663838383838384
15000000000,50,9656119.703134507,4950,4950,100.0,2101246.125,22109062.52133439,100,301,2.7434343434343433
15000000000,75,9759210.75167959,4950,4950,100.0,2101246.125,22237605.25,100,276,2.86020202020202
15000000000,100,9857323.191717258,4950,4950,100.0,2101246.125,22589297.11021379,100,251,2.9086868686868685
15000000000,125,10048751.40269005,4950,4950,100.0,2101246.125,23138621.36021379,100,226,3.0082828282828284
15000000000,150,10272612.992225867,4950,4950,100.0,2101246.125,26228908.818592347,100,201,3.1113131313131315
15000000000,175,10797685.75950936,4950,4950,100.0,2101246.125,27684732.875,100,176,3.2785858585858585
15000000000,200,11507953.652758626,4950,4950,100.0,2101246.125,29146139.625,100,151,3.389090909090909
15000000000,225,13799258.616464378,4753,4950,96.02020202020202,2281936.625,31555880.25,100,126,3.6484325689038504
15000000000,250,14508725.267178256,4753,4950,96.02020202020202,2281936.625,37570642.74150851,100,101,3.8817588891226595
10000000000,0,9261512.442798248,4950,4950,100.0,2103305.1875,20232238.625,100,351,2.6692929292929293
10000000000,25,9546705.91703122,4950,4950,100.0,2103305.1875,21844668.85809938,100,326,2.658989898989899
10000000000,50,9668534.3013491,4950,4950,100.0,2103305.1875,22136817.875,100,301,2.7670707070707072
10000000000,75,9729692.5578211,4950,4950,100.0,2103305.1875,22189199.0,100,276,2.8224242424242423
10000000000,100,9862320.173187101,4950,4950,100.0,2103305.1875,22593031.713944543,100,251,2.9214141414141412
10000000000,125,10101146.35274672,4950,4950,100.0,2103305.1875,22759252.5082136,100,226,3.000808080808081
10000000000,150,10354815.774439214,4950,4950,100.0,2103305.1875,26213434.554783,100,201,3.194949494949495
10000000000,175,11158581.701214269,4950,4950,100.0,2103305.1875,27469217.625,100,176,3.3323232323232324
10000000000,200,11742966.70404448,4950,4950,100.0,2128469.5,27750546.00911729,100,151,3.413939393939394
10000000000,225,13658926.13508521,4753,4950,96.02020202020202,2273292.375,31177654.5,100,126,3.7022932884494004
10000000000,250,14364690.246336903,4753,4950,96.02020202020202,2273292.375,36884024.75,100,101,3.950347149168946
0,0,9497138.772691894,4950,4950,100.0,2107886.375,21788727.0,100,351,2.6165656565656565
0,25,9563145.60098995,4950,4950,100.0,2107886.375,22046828.318194516,100,326,2.6672727272727275
0,50,9696633.927835213,4950,4950,100.0,2107886.375,22229305.5,100,301,2.7896969696969696
0,75,9767518.348231642,4950,4950,100.0,2107886.375,22332442.04721662,100,276,2.835959595959596
0,100,9850081.860898964,4950,4950,100.0,2107886.375,22565037.0,100,251,2.9143434343434342
0,125,9996946.996313175,4950,4950,100.0,2107886.375,23078941.75,100,226,3.0179797979797978
0,150,10471411.27595058,4950,4950,100.0,2107886.375,26679398.50296092,100,201,3.213131313131313
0,175,11146375.314717256,4950,4950,100.0,2107886.375,27449369.625,100,176,3.3008080808080806
0,200,11760086.188889978,4950,4950,100.0,2107886.375,27740337.0,100,151,3.464040404040404
0,225,12498483.89046662,4950,4950,100.0,2239529.75,29534988.93219219,100,126,3.473737373737374
0,250,14653270.241634594,4851,4950,98.0,2239529.75,36929394.75,100,101,4.001443001443001
20000000000,0,9497629.825405987,4950,4950,100.0,2101461.25,21774388.5,100,351,2.61979797979798
20000000000,25,9559508.94208987,4950,4950,100.0,2101461.25,21841446.483313523,100,326,2.671111111111111
20000000000,50,9656430.211158382,4950,4950,100.0,2101461.25,22176497.25,100,301,2.74989898989899
20000000000,75,9740670.327639803,4950,4950,100.0,2101461.25,22225447.0,100,276,2.832929292929293
20000000000,100,9874824.306534762,4950,4950,100.0,2101461.25,22585646.898797695,100,251,2.9397979797979796
20000000000,125,10108075.026645353,4950,4950,100.0,2101461.25,23062109.25,100,226,3.0309090909090908
20000000000,150,10381873.778996646,4950,4950,100.0,2101461.25,25021701.662979394,100,201,3.1925252525252525
20000000000,175,10790348.144009195,4950,4950,100.0,2101461.25,25445600.88125743,100,176,3.290909090909091
20000000000,200,11589893.471061135,4950,4950,100.0,2101461.25,29157919.75,100,151,3.417373737373737
20000000000,225,12919360.751843976,4950,4950,100.0,2261429.0,29196843.25,100,126,3.5236363636363635
20000000000,250,14618685.977878757,4753,4950,96.02020202020202,2261429.0,37549162.78502465,100,101,3.9053229539238377
15000000000,0,9497658.091960223,4950,4950,100.0,2101246.125,21777871.0,100,351,2.6183838383838385
15000000000,25,9560041.455867942,4950,4950,100.0,2101246.125,21842844.23809708,100,326,2.6698989898989898
15000000000,50,9660267.393164862,4950,4950,100.0,2101246.125,22237605.25,100,301,2.748686868686869
15000000000,75,9758110.174732018,4950,4950,100.0,2101246.125,22237605.25,100,276,2.838989898989899
15000000000,100,9873852.631051935,4950,4950,100.0,2101246.125,22589297.11021379,100,251,2.9349494949494948
15000000000,125,10103220.75507911,4950,4950,100.0,2101246.125,23067877.5,100,226,3.034141414141414
15000000000,150,10278067.288049055,4950,4950,100.0,2101246.125,26228908.818592347,100,201,3.118181818181818
15000000000,175,10834218.60362312,4950,4950,100.0,2101246.125,27684732.875,100,176,3.2935353535353533
15000000000,200,11542742.127411054,4950,4950,100.0,2101246.125,27684732.875,100,151,3.5642424242424244
15000000000,225,13823569.631153671,4753,4950,96.02020202020202,2281936.625,31555880.25,100,126,3.6528508310540713
15000000000,250,14557342.272178773,4753,4950,96.02020202020202,2281936.625,37570642.74150851,100,101,3.8901746265516515
25000000000,0,9499476.399432346,4950,4950,100.0,2103949.8125,21771036.5,100,351,2.622020202020202
25000000000,25,9559222.822652925,4950,4950,100.0,2103949.8125,21813104.5,100,326,2.6715151515151514
25000000000,50,9637459.94628253,4950,4950,100.0,2103949.8125,22170688.034107447,100,301,2.7377777777777776
25000000000,75,9742905.53076075,4950,4950,100.0,2103949.8125,22170688.034107447,100,276,2.835959595959596
25000000000,100,9870481.279230593,4950,4950,100.0,2103949.8125,22582076.140268236,100,251,2.941010101010101
25000000000,125,10085949.494726151,4950,4950,100.0,2103949.8125,22746497.21067334,100,226,3.001212121212121
25000000000,150,10288466.890160678,4950,4950,100.0,2103949.8125,25036555.535365522,100,201,3.113131313131313
25000000000,175,10771077.173643192,4950,4950,100.0,2103949.8125,25419667.478417046,100,176,3.315151515151515
25000000000,200,11496922.019391049,4950,4950,100.0,2103949.8125,29172059.75,100,151,3.387070707070707
25000000000,225,12643141.335938023,4950,4950,100.0,2242747.1875,29216716.375,100,126,3.548080808080808
25000000000,250,14645450.650153194,4753,4950,96.02020202020202,2242747.1875,37550686.74766359,100,101,3.8998527245949925
35000000000,0,9342341.176469184,4950,4950,100.0,2115707.25,21764729.0,100,351,2.6054545454545455
35000000000,25,9557297.800167138,4950,4950,100.0,2115707.25,21816325.5,100,326,2.666060606060606
35000000000,50,9658043.074239159,4950,4950,100.0,2115707.25,22119488.0,100,301,2.753131313131313
35000000000,75,9743787.847665269,4950,4950,100.0,2115707.25,22298311.154176626,100,276,2.854949494949495
35000000000,100,9890729.428808648,4950,4950,100.0,2115707.25,22575171.46431109,100,251,2.9323232323232324
35000000000,125,10098872.113611815,4950,4950,100.0,2115707.25,22911403.85274805,100,226,2.9997979797979797
35000000000,150,10305552.553627279,4950,4950,100.0,2115707.25,25070599.615940228,100,201,3.0755555555555554
35000000000,175,10761466.43982709,4950,4950,100.0,2115707.25,25441579.866719544,100,176,3.292929292929293
35000000000,200,11235928.39296785,4950,4950,100.0,2115707.25,27858197.76005643,100,151,3.456969696969697
35000000000,225,12538726.370977309,4950,4950,100.0,2210987.4375,29264830.75,100,126,3.5644444444444443
35000000000,250,14269239.372451475,4753,4950,96.02020202020202,2210987.4375,36284608.81065619,100,101,3.835261939827477
30000000000,0,9499192.672260402,4950,4950,100.0,2108703.6875,21767817.0,100,351,2.6195959595959595
30000000000,25,9556835.29664308,4950,4950,100.0,2108703.6875,21814571.5,100,326,2.6614141414141415
30000000000,50,9634301.580754599,4950,4950,100.0,2108703.6875,22123875.5,100,301,2.744242424242424
30000000000,75,9744970.788222663,4950,4950,100.0,2108703.6875,22181601.0,100,276,2.838989898989899
30000000000,100,9915278.576517716,4950,4950,100.0,2108703.6875,22578586.07135367,100,251,2.9331313131313133
30000000000,125,10085869.079538314,4950,4950,100.0,2108703.6875,22749348.609845944,100,226,2.9905050505050506
30000000000,150,10280774.803433292,4950,4950,100.0,2108703.6875,25052858.067580335,100,201,3.0856565656565658
30000000000,175,10863837.322017288,4950,4950,100.0,2108703.6875,25447539.464439735,100,176,3.3224242424242423
30000000000,200,11449997.288419854,4950,4950,100.0,2108703.6875,27696986.269462854,100,151,3.5254545454545454
30000000000,225,12512237.847115904,4950,4950,100.0,2195282.0,29239376.0,100,126,3.554949494949495
30000000000,250,14242498.267910777,4753,4950,96.02020202020202,2225923.4375,36305663.696522474,100,101,3.8081211866189775
5000000000,0,9496203.65294569,4950,4950,100.0,2107632.0,21785231.0,100,351,2.6157575757575757
5000000000,25,9559003.787926553,4950,4950,100.0,2107632.0,21846919.902464014,100,326,2.665050505050505
5000000000,50,9690693.83718626,4950,4950,100.0,2107632.0,22222893.5,100,301,2.7814141414141416
5000000000,75,9761652.95423583,4950,4950,100.0,2107632.0,22403696.722811215,100,276,2.8385858585858585
5000000000,100,9882505.735807242,4950,4950,100.0,2107632.0,22596849.757679842,100,251,2.946868686868687
5000000000,125,10000752.222432677,4950,4950,100.0,2107632.0,23080691.375,100,226,3.014747474747475
5000000000,150,10358648.92921296,4950,4950,100.0,2107632.0,26198563.35626197,100,201,3.2004040404040404
5000000000,175,10956208.906442042,4950,4950,100.0,2107632.0,27458428.125,100,176,3.276969696969697
5000000000,200,11768323.819120709,4950,4950,100.0,2117076.625,27747068.5,100,151,3.471111111111111
5000000000,225,12525846.026499411,4950,4950,100.0,2255435.75,30190793.31934071,100,126,3.479191919191919
5000000000,250,14579384.991654346,4851,4950,98.0,2255435.75,36905293.375,100,101,3.9859822716965576
40000000000,0,9498078.255293312,4950,4950,100.0,2122981.25,21762580.569163524,100,351,2.6187878787878787
40000000000,25,9563721.89791942,4950,4950,100.0,2122981.25,21837096.53748618,100,326,2.6672727272727275
40000000000,50,9646043.703636464,4950,4950,100.0,2122981.25,22123706.75,100,301,2.7393939393939393
40000000000,75,9747718.4112373,4950,4950,100.0,2122981.25,22243166.889079552,100,276,2.838787878787879
40000000000,100,9922500.480178002,4950,4950,100.0,2122981.25,22571828.040760223,100,251,2.922020202020202
40000000000,125,10121556.554305578,4950,4950,100.0,2124938.125,22861454.375,100,226,3.014141414141414
40000000000,150,10293271.164176758,4950,4950,100.0,2124938.125,25089771.97897736,100,201,3.0745454545454547
40000000000,175,10596960.401227174,4950,4950,100.0,2124938.125,25437507.00536207,100,176,3.2404040404040404
40000000000,200,11157379.976119813,4950,4950,100.0,2124938.125,27869160.08330477,100,151,3.4517171717171715
40000000000,225,12558559.86663344,4950,4950,100.0,2197965.25,29293092.0,100,126,3.5686868686868687
40000000000,250,14209125.572848087,4753,4950,96.02020202020202,2197965.25,36264955.430043675,100,101,3.8339995792131285
45000000000,0,9496222.609472893,4950,4950,100.0,2120408.5625,21776072.88935497,100,351,2.6155555555555554
45000000000,25,9563799.47191489,4950,4950,100.0,2120408.5625,21967049.557767432,100,326,2.664040404040404
45000000000,50,9645621.150461458,4950,4950,100.0,2120408.5625,22113209.75,100,301,2.73979797979798
45000000000,75,9732725.349143017,4950,4950,100.0,2120408.5625,22179981.0,100,276,2.8224242424242423
45000000000,100,9908672.779083792,4950,4950,100.0,2120408.5625,22725795.138445355,100,251,2.923232323232323
45000000000,125,10170652.626482593,4950,4950,100.0,2129177.5625,22880883.0,100,226,3.0173737373737373
45000000000,150,10285753.025137635,4950,4950,100.0,2129177.5625,25110361.42965868,100,201,3.0824242424242425
45000000000,175,10608959.796545815,4950,4950,100.0,2129177.5625,25851762.92490607,100,176,3.255959595959596
45000000000,200,11256239.430249752,4950,4950,100.0,2129177.5625,27877876.11530611,100,151,3.5117171717171716
45000000000,225,12310339.627920926,4950,4950,100.0,2184392.25,29324167.5,100,126,3.5335353535353535
45000000000,250,14205702.299267083,4753,4950,96.02020202020202,2184392.25,36246730.84816307,100,101,3.822848727119714
55000000000,0,8762294.31210212,4950,4950,100.0,2121725.0,19914248.473307222,100,351,3.0842424242424245
55000000000,25,8819402.875879632,4950,4950,100.0,2121725.0,20152844.973307222,100,326,3.127070707070707
55000000000,50,8849836.960351452,4950,4950,100.0,2121725.0,20803076.413198747,100,301,3.15979797979798
55000000000,75,9728751.010122655,4950,4950,100.0,2121725.0,22391914.25,100,276,2.826868686868687
55000000000,100,9908869.586611006,4950,4950,100.0,2121725.0,22424795.051076327,100,251,2.9060606060606062
55000000000,125,10081187.113510173,4950,4950,100.0,2121725.0,22900393.268067688,100,226,3.006666666666667
55000000000,150,10322150.439145349,4950,4950,100.0,2121725.0,25155745.751561023,100,201,3.1325252525252525
55000000000,175,10639710.56950418,4950,4950,100.0,2121725.0,25780717.189863894,100,176,3.2414141414141415
55000000000,200,11447562.422717568,4950,4950,100.0,2121725.0,29269044.414541207,100,151,3.3808080808080807
55000000000,225,12618694.653501766,4950,4950,100.0,2154431.0,32463034.625,100,126,3.5795959595959594
55000000000,250,14150263.560958624,4753,4950,96.02020202020202,2154431.0,36214665.31261754,100,101,3.816326530612245
65000000000,0,9499207.18561586,4950,4950,100.0,2103472.1875,21802081.0,100,351,2.616767676767677
65000000000,25,9549361.971981347,4950,4950,100.0,2123216.125,22168750.721286833,100,326,2.663030303030303
65000000000,50,9638857.989797594,4950,4950,100.0,2123216.125,22168750.721286833,100,301,2.7256565656565654
65000000000,75,9742081.547888229,4950,4950,100.0,2123216.125,22373105.0,100,276,2.8353535353535353
65000000000,100,9884786.328507615,4950,4950,100.0,2123216.125,22405723.5,100,251,2.9046464646464645
65000000000,125,10070594.839724034,4950,4950,100.0,2123216.125,22896039.00476443,100,226,2.992121212121212
65000000000,150,10400501.19992534,4950,4950,100.0,2123216.125,24696577.72449357,100,201,3.196767676767677
65000000000,175,10737407.670500029,4950,4950,100.0,2123216.125,25712027.082155608,100,176,3.2458585858585858
65000000000,200,11484261.420544673,4950,4950,100.0,2123216.125,29531866.75,100,151,3.418181818181818
65000000000,225,11888596.280232057,4950,4950,100.0,2123216.125,31939894.5,100,126,3.506060606060606
65000000000,250,14120940.143972555,4753,4950,96.02020202020202,2132755.4375,36188619.294453055,100,101,3.8272669892699347
70000000000,0,9497204.776469082,4950,4950,100.0,2089199.125,21803219.0,100,351,2.613737373737374
70000000000,25,9557545.843682757,4950,4950,100.0,2116728.9375,22167712.477371514,100,326,2.6646464646464647
70000000000,50,9640397.73990124,4950,4950,100.0,2116728.9375,22167712.477371514,100,301,2.7187878787878788
70000000000,75,9741364.53014615,4950,4950,100.0,2116728.9375,22262505.700546503,100,276,2.826868686868687
70000000000,100,9835077.274742253,4950,4950,100.0,2116728.9375,22365238.0,100,251,2.8866666666666667
70000000000,125,10082541.752770657,4950,4950,100.0,2116728.9375,22894170.90691813,100,226,2.991111111111111
70000000000,150,10541377.777620414,4950,4950,100.0,2116728.9375,24701254.37575377,100,201,3.193939393939394
70000000000,175,10751385.260321962,4950,4950,100.0,2116728.9375,25678577.03122183,100,176,3.24989898989899
70000000000,200,11489124.120538397,4950,4950,100.0,2116728.9375,29572415.75,100,151,3.417979797979798
70000000000,225,11788491.252822509,4950,4950,100.0,2116728.9375,32010287.625,100,126,3.494949494949495
70000000000,250,14083359.320581323,4753,4950,96.02020202020202,2116728.9375,36210856.408743195,100,101,3.81653692404797
50000000000,0,8688421.129660005,4950,4950,100.0,2120065.6875,19676165.79786256,100,351,2.7505050505050503
50000000000,25,9556530.04576757,4950,4950,100.0,2120065.6875,21968076.530809164,100,326,2.66020202020202
50000000000,50,9617064.968036726,4950,4950,100.0,2120065.6875,22103784.5,100,301,2.72
50000000000,75,9731503.329905275,4950,4950,100.0,2120065.6875,22170333.5,100,276,2.824646464646465
50000000000,100,9892773.826090558,4950,4950,100.0,2120065.6875,22425792.148532245,100,251,2.902828282828283
50000000000,125,10187117.135185294,4950,4950,100.0,2124335.9375,22901720.0,100,226,3.0135353535353535
50000000000,150,10298304.002087845,4950,4950,100.0,2124335.9375,25132357.820129506,100,201,3.072929292929293
50000000000,175,10814476.014046129,4950,4950,100.0,2124335.9375,25815947.107704457,100,176,3.273939393939394
50000000000,200,11321360.558277471,4950,4950,100.0,2124335.9375,27829589.17693218,100,151,3.5014141414141413
50000000000,225,12236866.474159928,4950,4950,100.0,2168366.375,32408149.5,100,126,3.645656565656566
50000000000,250,14204305.241262281,4753,4950,96.02020202020202,2168366.375,36229958.41241976,100,101,3.821586366505365
75000000000,0,9498608.363014765,4950,4950,100.0,2077107.875,21804959.5,100,351,2.613737373737374
75000000000,25,9555057.893389564,4950,4950,100.0,2102843.125,22167089.547238104,100,326,2.6662626262626263
75000000000,50,9679842.311974991,4950,4950,100.0,2102843.125,22199631.706879385,100,301,2.7676767676767677
75000000000,75,9743360.353111612,4950,4950,100.0,2102843.125,22261940.939853396,100,276,2.8214141414141416
75000000000,100,9902375.012203462,4950,4950,100.0,2102843.125,22527126.625,100,251,2.8963636363636365
75000000000,125,10225493.51349677,4950,4950,100.0,2102843.125,22892521.69339792,100,226,2.9985858585858587
75000000000,150,10591277.39572812,4950,4950,100.0,2102843.125,24706396.316495914,100,201,3.211313131313131
75000000000,175,10746269.907738537,4950,4950,100.0,2102843.125,25645728.89678138,100,176,3.271717171717172
75000000000,200,11555647.894585924,4950,4950,100.0,2102843.125,29367886.25,100,151,3.4143434343434342
75000000000,225,11838750.190922108,4950,4950,100.0,2102843.125,32705160.875,100,126,3.4945454545454546
75000000000,250,13999988.719132748,4753,4950,96.02020202020202,2102843.125,36193427.15986961,100,101,3.797601514832737
60000000000,0,9496113.090291202,4950,4950,100.0,2119884.75,21751270.5,100,351,2.6173737373737374
60000000000,25,9557374.981975758,4950,4950,100.0,2121351.6875,22170204.370439984,100,326,2.6666666666666665
60000000000,50,9651192.575331056,4950,4950,100.0,2121351.6875,22170204.370439984,100,301,2.748080808080808
60000000000,75,9754951.022090835,4950,4950,100.0,2121351.6875,22381997.0,100,276,2.846262626262626
60000000000,100,9877808.439905189,4950,4950,100.0,2121351.6875,22426266.0,100,251,2.9092929292929295
60000000000,125,10077561.955702154,4950,4950,100.0,2121351.6875,22898113.962606736,100,226,3.005858585858586
60000000000,150,10397198.750679847,4950,4950,100.0,2121351.6875,25054505.592347894,100,201,3.1896969696969695
60000000000,175,10666545.672294198,4950,4950,100.0,2121351.6875,25746074.54829885,100,176,3.274949494949495
60000000000,200,11544928.576093882,4950,4950,100.0,2121351.6875,29336817.125,100,151,3.4571717171717173
60000000000,225,12393346.299742123,4950,4950,100.0,2142627.1875,31811504.25,100,126,3.53010101010101
60000000000,250,14092096.275413206,4753,4950,96.02020202020202,2142627.1875,36200878.062287524,100,101,3.8199032190195665
80000000000,0,9448491.499018664,4950,4950,100.0,2067235.3125,21807303.0,100,351,2.672727272727273
80000000000,25,9500650.479876222,4950,4950,100.0,2091140.5625,22166883.152854316,100,326,2.723838383838384
80000000000,50,9641608.944811039,4950,4950,100.0,2091140.5625,22202197.219578087,100,301,2.7240404040404043
80000000000,75,9749591.623918816,4950,4950,100.0,2091140.5625,22352574.25,100,276,2.8341414141414143
80000000000,100,9905986.291135369,4950,4950,100.0,2091140.5625,22511710.375,100,251,2.891717171717172
80000000000,125,10252240.16378881,4950,4950,100.0,2091140.5625,23501668.57063562,100,226,3.0907070707070705
80000000000,150,10563315.508436695,4950,4950,100.0,2091140.5625,24712004.605158433,100,201,3.1874747474747473
80000000000,175,10752126.116408376,4950,4950,100.0,2091140.5625,25613486.406519294,100,176,3.273939393939394
80000000000,200,11512085.057060212,4950,4950,100.0,2091140.5625,29367758.0,100,151,3.4026262626262627
80000000000,225,11786796.289124995,4950,4950,100.0,2091140.5625,32771314.375,100,126,3.4761616161616162
80000000000,250,14158690.751135636,4851,4950,98.0,2091140.5625,36177018.93864668,100,101,3.83426097711812
85000000000,0,9502987.17206682,4950,4950,100.0,2059612.0625,21810249.5,100,351,2.615959595959596
85000000000,25,9560293.869196106,4950,4950,100.0,2081657.625,22167094.398417205,100,326,2.6672727272727275
85000000000,50,9674763.95894963,4950,4950,100.0,2081657.625,22167094.398417205,100,301,2.7492929292929293
85000000000,75,9754118.68743957,4950,4950,100.0,2081657.625,22347778.5,100,276,2.828888888888889
85000000000,100,9905484.142091895,4950,4950,100.0,2081657.625,22639832.5,100,251,2.8925252525252527
85000000000,125,10295201.851880357,4950,4950,100.0,2081657.625,23155587.95973971,100,226,3.0903030303030303
85000000000,150,10601065.027281085,4950,4950,100.0,2081657.625,24718080.134150144,100,201,3.2111111111111112
85000000000,175,10739571.955720369,4950,4950,100.0,2081657.625,25581854.940332476,100,176,3.278787878787879
85000000000,200,11522963.376670275,4950,4950,100.0,2081657.625,29368722.5,100,151,3.405050505050505
85000000000,225,11797729.045447344,4950,4950,100.0,2081657.625,32839701.625,100,126,3.485050505050505
85000000000,250,14213103.296871932,4851,4950,98.0,2081657.625,36444310.125,100,101,3.846423417851989
90000000000,0,9505551.022882806,4950,4950,100.0,2054261.875,21813798.5,100,351,2.616767676767677
90000000000,25,9566059.63404258,4950,4950,100.0,2074424.3125,22162221.410016607,100,326,2.664242424242424
90000000000,50,9669420.92831481,4950,4950,100.0,2074424.3125,22167724.369499654,100,301,2.7444444444444445
90000000000,75,9757830.776215754,4950,4950,100.0,2074424.3125,22344006.5,100,276,2.832121212121212
90000000000,100,9982209.127489522,4950,4950,100.0,2074424.3125,22621833.25,100,251,2.899191919191919
90000000000,125,10378879.080829376,4950,4950,100.0,2074424.3125,23253387.349384077,100,226,3.125050505050505
90000000000,150,10523901.335011136,4950,4950,100.0,2074424.3125,23629715.28208326,100,201,3.1692929292929293
90000000000,175,10747727.073037406,4950,4950,100.0,2074424.3125,25056255.231210716,100,176,3.285858585858586
90000000000,200,11232836.720810039,4950,4950,100.0,2074424.3125,27650027.671774283,100,151,3.44
90000000000,225,11756583.130893297,4950,4950,100.0,2074424.3125,32758516.0,100,126,3.4836363636363634
90000000000,250,14010712.16280216,4851,4950,98.0,2074424.3125,35952322.625,100,101,3.8150896722325296
95000000000,0,9507641.45047368,4950,4950,100.0,2051201.8125,21817950.0,100,351,2.614949494949495
95000000000,25,9567138.661223603,4950,4950,100.0,2069464.125,22093950.100210052,100,326,2.667070707070707
95000000000,50,9672121.81302833,4950,4950,100.0,2069464.125,22168774.25067371,100,301,2.748686868686869
95000000000,75,9768278.60420895,4950,4950,100.0,2069464.125,22264772.083073903,100,276,2.826060606060606
95000000000,100,9988357.942276467,4950,4950,100.0,2069464.125,22604995.5,100,251,2.9012121212121214
95000000000,125,10286068.855093027,4950,4950,100.0,2069464.125,23492295.381248675,100,226,3.0953535353535355
95000000000,150,10570753.690220425,4950,4950,100.0,2069464.125,24290431.273213938,100,201,3.1975757575757577
95000000000,175,10740023.676938036,4950,4950,100.0,2069464.125,25058710.460270096,100,176,3.3107070707070707
95000000000,200,11237521.987333704,4950,4950,100.0,2069464.125,27340731.91399008,100,151,3.4402020202020203
95000000000,225,11839965.1809319,4950,4950,100.0,2069464.125,33091729.125,100,126,3.5327272727272727
95000000000,250,13857705.971906211,4851,4950,98.0,2069464.125,35118538.25,100,101,3.7936507936507935
100000000000,0,9314655.90440994,4950,4950,100.0,2050441.625,21144284.98901266,100,351,2.6933333333333334
100000000000,25,9570499.104653088,4950,4950,100.0,2066793.0,22076462.25,100,326,2.671111111111111
100000000000,50,9687375.917650254,4950,4950,100.0,2066793.0,22170245.1320028,100,301,2.7666666666666666
100000000000,75,9737546.545776905,4950,4950,100.0,2066793.0,22456542.5,100,276,2.7884848484848486
100000000000,100,9990263.4873456,4950,4950,100.0,2066793.0,22589315.75,100,251,2.9
100000000000,125,10241856.053661529,4950,4950,100.0,2066793.0,23366807.0,100,226,3.1036363636363635
100000000000,150,10478970.52970492,4950,4950,100.0,2066793.0,24052688.595302805,100,201,3.1765656565656566
100000000000,175,10731480.642777681,4950,4950,100.0,2066793.0,25095466.82709808,100,176,3.292121212121212
100000000000,200,11287006.445790295,4950,4950,100.0,2066793.0,27521594.625,100,151,3.441818181818182
100000000000,225,11794786.427673701,4950,4950,100.0,2066793.0,32835012.0,100,126,3.5335353535353535
100000000000,250,13606140.463596659,4950,4950,100.0,2066793.0,35087940.375,100,101,3.7694949494949497
120000000000,0,8286288.53663082,4950,4950,100.0,2070336.4375,18681428.226776533,100,351,2.6385858585858584
120000000000,25,9580314.59796981,4950,4950,100.0,2079056.25,22097360.5,100,326,2.6717171717171717
120000000000,50,9680069.436516363,4950,4950,100.0,2079056.25,22227722.34525685,100,301,2.7533333333333334
120000000000,75,9756811.17599225,4950,4950,100.0,2079056.25,22256321.94725228,100,276,2.8133333333333335
120000000000,100,10066973.526903,4950,4950,100.0,2079056.25,22385525.25,100,251,2.9549494949494948
120000000000,125,10311833.450017726,4950,4950,100.0,2079056.25,23285412.12192652,100,226,2.993737373737374
120000000000,150,10626710.636466617,4950,4950,100.0,2079056.25,25107009.75,100,201,3.197171717171717
120000000000,175,10750108.775269846,4950,4950,100.0,2079056.25,25759049.510638297,100,176,3.2905050505050504
120000000000,200,11218683.348505326,4950,4950,100.0,2079056.25,27594598.87429926,100,151,3.4183838383838383
120000000000,225,11571226.547735102,4950,4950,100.0,2079056.25,32999468.5,100,126,3.6286868686868687
120000000000,250,14883114.481093358,4950,4950,100.0,2079056.25,36952462.90168469,100,101,3.9616161616161616
105000000000,0,9452632.51635768,4950,4950,100.0,2051983.6875,21586689.812228583,100,351,2.6933333333333334
105000000000,25,9519312.869656267,4950,4950,100.0,2066419.4375,22031221.85967823,100,326,2.7535353535353537
105000000000,50,9598349.502531514,4950,4950,100.0,2066419.4375,22172139.27309928,100,301,2.8224242424242423
105000000000,75,9661359.177345432,4950,4950,100.0,2066419.4375,22172621.331938144,100,276,2.854949494949495
105000000000,100,9911393.310874024,4950,4950,100.0,2066419.4375,22349015.5,100,251,2.9894949494949494
105000000000,125,10331895.234125381,4950,4950,100.0,2066419.4375,23508100.558164045,100,226,3.078989898989899
105000000000,150,10650920.732914763,4950,4950,100.0,2066419.4375,24205642.75,100,201,3.2262626262626264
105000000000,175,10743325.513849428,4950,4950,100.0,2066419.4375,26659079.945680097,100,176,3.293131313131313
105000000000,200,11176496.850552557,4950,4950,100.0,2066419.4375,27770749.209174905,100,151,3.392121212121212
105000000000,225,11520143.915387237,4950,4950,100.0,2066419.4375,32874709.0,100,126,3.5846464646464646
105000000000,250,14068148.140994716,4950,4950,100.0,2066419.4375,37123370.125,100,101,3.8230303030303032
115000000000,0,9519105.772016337,4950,4950,100.0,2061947.0,21840569.5,100,351,2.6163636363636362
115000000000,25,9587389.796757907,4950,4950,100.0,2072561.4375,22090493.0,100,326,2.681616161616162
115000000000,50,9691852.560634466,4950,4950,100.0,2072561.4375,22223989.25505273,100,301,2.764646464646465
115000000000,75,9748086.450841747,4950,4950,100.0,2072561.4375,22259450.449354038,100,276,2.817171717171717
115000000000,100,10043877.51201447,4950,4950,100.0,2072561.4375,22454695.142958924,100,251,2.948888888888889
115000000000,125,10410285.049907332,4950,4950,100.0,2072561.4375,23833207.0,100,226,3.088080808080808
115000000000,150,10648817.61650906,4950,4950,100.0,2072561.4375,24227603.75,100,201,3.2246464646464648
115000000000,175,10732750.542395791,4950,4950,100.0,2072561.4375,25067715.694307685,100,176,3.292929292929293
115000000000,200,11179665.159350991,4950,4950,100.0,2072561.4375,27061895.75,100,151,3.4125252525252527
115000000000,225,11612069.971270584,4950,4950,100.0,2072561.4375,32956947.0,100,126,3.641212121212121
115000000000,250,14646124.674441911,4950,4950,100.0,2072561.4375,35293638.522094466,100,101,3.9002020202020202
130000000000,0,9514297.81166662,4950,4950,100.0,2078943.3125,21840237.0,100,351,2.6121212121212123
130000000000,25,9571995.990305912,4950,4950,100.0,2078943.3125,22085549.25,100,326,2.671919191919192
130000000000,50,9679457.644562326,4950,4950,100.0,2078943.3125,22224262.113959543,100,301,2.7391919191919194
130000000000,75,9752669.424268391,4950,4950,100.0,2078943.3125,22383127.75,100,276,2.823838383838384
130000000000,100,10072738.190538416,4950,4950,100.0,2078943.3125,22573766.885817837,100,251,2.97010101010101
130000000000,125,10424594.129904028,4950,4950,100.0,2078943.3125,24173375.235499274,100,226,3.1
130000000000,150,10650808.055195272,4950,4950,100.0,2078943.3125,24173375.235499274,100,201,3.176161616161616
130000000000,175,10884828.42003352,4950,4950,100.0,2078943.3125,25704243.488628004,100,176,3.338989898989899
130000000000,200,11336065.07375178,4950,4950,100.0,2078943.3125,27604983.7644839,100,151,3.513737373737374
130000000000,225,12367219.453270186,4950,4950,100.0,2078943.3125,33079299.25,100,126,3.7793939393939393
130000000000,250,14543660.732985081,4950,4950,100.0,2094123.5625,35264838.971153714,100,101,3.946262626262626
135000000000,0,9511651.333158784,4950,4950,100.0,2079324.25,21839708.0,100,351,2.6161616161616164
135000000000,25,9563893.68945085,4950,4950,100.0,2079324.25,22079733.75,100,326,2.6662626262626263
135000000000,50,9666619.561535323,4950,4950,100.0,2079324.25,22218982.2162082,100,301,2.736161616161616
135000000000,75,9745001.347754918,4950,4950,100.0,2079324.25,22386916.25,100,276,2.8159595959595958
135000000000,100,10022770.077737145,4950,4950,100.0,2079324.25,22574160.291971657,100,251,2.9456565656565656
135000000000,125,10374056.10964609,4950,4950,100.0,2079324.25,23975116.375,100,226,3.0816161616161617
135000000000,150,10609262.378163382,4950,4950,100.0,2079324.25,23975116.375,100,201,3.152727272727273
135000000000,175,10807911.806872379,4950,4950,100.0,2079324.25,25640652.800657775,100,176,3.254949494949495
135000000000,200,11662253.358323196,4950,4950,100.0,2079324.25,29101810.951719917,100,151,3.3783838383838383
135000000000,225,12137257.79034644,4950,4950,100.0,2079324.25,33450162.125,100,126,3.6543434343434344
135000000000,250,14450920.223206509,4950,4950,100.0,2104078.625,35257162.45245659,100,101,3.945050505050505
110000000000,0,9518472.411956437,4950,4950,100.0,2055822.875,21834012.5,100,351,2.6206060606060606
110000000000,25,9586913.854593873,4950,4950,100.0,2068344.4375,22084724.0,100,326,2.682020202020202
110000000000,50,9688967.96793731,4950,4950,100.0,2068344.4375,22174456.26529674,100,301,2.767878787878788
110000000000,75,9757230.84111325,4950,4950,100.0,2068344.4375,22174456.26529674,100,276,2.81979797979798
110000000000,100,10055218.978645364,4950,4950,100.0,2068344.4375,22629922.914652012,100,251,2.955151515151515
110000000000,125,10415353.182118315,4950,4950,100.0,2068344.4375,23834987.0,100,226,3.118585858585859
110000000000,150,10642931.974022282,4950,4950,100.0,2068344.4375,24216460.0,100,201,3.226868686868687
110000000000,175,10839942.474262163,4950,4950,100.0,2068344.4375,25076438.89973277,100,176,3.3064646464646463
110000000000,200,11196786.734416215,4950,4950,100.0,2068344.4375,27586051.030311175,100,151,3.3725252525252527
110000000000,225,11547453.782500323,4950,4950,100.0,2068344.4375,32915356.5,100,126,3.625252525252525
110000000000,250,14558687.288789757,4950,4950,100.0,2068344.4375,34993885.375,100,101,3.922020202020202
125000000000,0,9519076.65118398,4950,4950,100.0,2080797.9375,21841337.0,100,351,2.614949494949495
125000000000,25,9571063.69585972,4950,4950,100.0,2080797.9375,22092801.25,100,326,2.6694949494949496
125000000000,50,9675281.439350365,4950,4950,100.0,2080797.9375,22229837.8864964,100,301,2.7363636363636363
125000000000,75,9757564.05533209,4950,4950,100.0,2080797.9375,22341289.5,100,276,2.8193939393939393
125000000000,100,10081511.529737623,4950,4950,100.0,2080797.9375,22468242.875,100,251,2.971919191919192
125000000000,125,10458739.841269871,4950,4950,100.0,2080797.9375,23810448.5,100,226,3.1006060606060606
125000000000,150,10724208.54239845,4950,4950,100.0,2080797.9375,24464737.941567764,100,201,3.2040404040404042
125000000000,175,10877972.230852844,4950,4950,100.0,2080797.9375,25733492.941567764,100,176,3.33030303030303
125000000000,200,11269207.764463954,4950,4950,100.0,2080797.9375,27319581.64414943,100,151,3.4549494949494948
125000000000,225,11616954.296325944,4950,4950,100.0,2080797.9375,33039977.75,100,126,3.6573737373737374
125000000000,250,14768651.774752693,4950,4950,100.0,2086344.6875,35273474.59842475,100,101,3.92989898989899
140000000000,0,9508454.130562916,4950,4950,100.0,2081939.1875,21708938.5,100,351,2.6155555555555554
140000000000,25,9579679.824838238,4950,4950,100.0,2081939.1875,22075119.5,100,326,2.6806060606060607
140000000000,50,9678351.538633922,4950,4950,100.0,2081939.1875,22213990.229862925,100,301,2.7593939393939393
140000000000,75,9750683.773491303,4950,4950,100.0,2081939.1875,22245018.009413414,100,276,2.8254545454545457
140000000000,100,10026221.57964319,4950,4950,100.0,2081939.1875,22481870.0,100,251,2.958989898989899
140000000000,125,10221992.73837369,4950,4950,100.0,2081939.1875,23945638.75,100,226,3.072323232323232
140000000000,150,10592619.754618848,4950,4950,100.0,2081939.1875,23972049.25,100,201,3.1474747474747473
140000000000,175,10766854.183972223,4950,4950,100.0,2081939.1875,25578589.921644893,100,176,3.2236363636363636
140000000000,200,11756915.546802623,4950,4950,100.0,2081939.1875,27194550.375,100,151,3.401010101010101
140000000000,225,12116347.379058963,4950,4950,100.0,2081939.1875,30386519.58850886,100,126,3.605656565656566
140000000000,250,13966074.626484212,4371,4950,88.30303030303031,2116182.375,35250448.76962753,100,101,3.7577213452299243
145000000000,0,9510439.936806431,4950,4950,100.0,2086780.0625,21707550.0,100,351,2.6226262626262624
145000000000,25,9583072.160747614,4950,4950,100.0,2086780.0625,22072082.5,100,326,2.688888888888889
145000000000,50,9688483.808412837,4950,4950,100.0,2086780.0625,22228121.0,100,301,2.7733333333333334
145000000000,75,9768190.068358414,4950,4950,100.0,2086780.0625,22424072.0,100,276,2.84020202020202
145000000000,100,10090968.89668332,4950,4950,100.0,2086780.0625,22698214.674812004,100,251,3.0096969696969698
145000000000,125,10262397.123993894,4950,4950,100.0,2086780.0625,23969525.125,100,226,3.082626262626263
145000000000,150,10400978.434839556,4950,4950,100.0,2086780.0625,23969525.125,100,201,3.126868686868687
145000000000,175,11027241.072853792,4950,4950,100.0,2086780.0625,25586858.0,100,176,3.242828282828283
145000000000,200,11764486.567433398,4950,4950,100.0,2086780.0625,27042266.0,100,151,3.410909090909091
145000000000,225,12131171.987889305,4950,4950,100.0,2086780.0625,30433380.897818692,100,126,3.604040404040404
145000000000,250,14106295.090313122,4371,4950,88.30303030303031,2128006.5,37330922.67326285,100,101,3.840311141615191
185000000000,0,9487357.786267072,4950,4950,100.0,2089610.8125,21865755.0,100,351,2.613131313131313
185000000000,25,9545699.955074616,4950,4950,100.0,2089610.8125,22180990.87938339,100,326,2.6624242424242426
185000000000,50,9654379.078109084,4950,4950,100.0,2089610.8125,22180990.87938339,100,301,2.7755555555555556
185000000000,75,9747182.900491875,4950,4950,100.0,2089610.8125,22323922.97913725,100,276,2.8377777777777777
185000000000,100,10040528.944465742,4950,4950,100.0,2089610.8125,22640695.31886996,100,251,2.974949494949495
185000000000,125,10122434.760538416,4950,4950,100.0,2089610.8125,23215010.875,100,226,3.0303030303030303
185000000000,150,10371038.808862481,4950,4950,100.0,2089610.8125,23382323.5,100,201,3.113131313131313
185000000000,175,10785434.53432008,4950,4950,100.0,2089610.8125,24355545.5,100,176,3.2670707070707072
185000000000,200,11461279.648932986,4950,4950,100.0,2097088.5625,29880297.137013614,100,151,3.4078787878787877
185000000000,225,12508459.416228136,4950,4950,100.0,2097088.5625,31604432.00471078,100,126,3.668888888888889
185000000000,250,14300149.950093558,4753,4950,96.02020202020202,2176756.25,38612408.625,100,101,3.950557542604671
175000000000,0,9495048.867905311,4950,4950,100.0,2085580.9375,21710614.0,100,351,2.6135353535353536
175000000000,25,9557096.290614074,4950,4950,100.0,2085580.9375,22186572.861328397,100,326,2.672323232323232
175000000000,50,9644235.910335185,4950,4950,100.0,2085580.9375,22247916.816041544,100,301,2.751717171717172
175000000000,75,9774052.569705537,4950,4950,100.0,2085580.9375,22428780.766742334,100,276,2.856969696969697
175000000000,100,10054300.620124057,4950,4950,100.0,2085580.9375,22679679.75,100,251,2.989292929292929
175000000000,125,10127215.96453364,4950,4950,100.0,2085580.9375,23287102.0,100,226,3.036767676767677
175000000000,150,10506086.303719876,4950,4950,100.0,2085580.9375,23702464.75,100,201,3.118585858585859
175000000000,175,11005408.511501469,4950,4950,100.0,2085580.9375,26736909.724840336,100,176,3.216161616161616
175000000000,200,11464190.681936549,4950,4950,100.0,2085580.9375,29515090.906703964,100,151,3.4086868686868685
175000000000,225,12480612.930122213,4950,4950,100.0,2085580.9375,31712041.69418242,100,126,3.6943434343434345
175000000000,250,12828283.521500567,4950,4950,100.0,2172633.375,35389081.25,100,101,3.7674747474747474
150000000000,0,8229910.242695944,4950,4950,100.0,2093832.3125,19446966.75,100,351,2.6604040404040403
150000000000,25,9559620.298457474,4950,4950,100.0,2093832.3125,22069762.75,100,326,2.665050505050505
150000000000,50,9690261.259368973,4950,4950,100.0,2093832.3125,22227537.375,100,301,2.776969696969697
150000000000,75,9778899.463527862,4950,4950,100.0,2093832.3125,22427948.197463136,100,276,2.848888888888889
150000000000,100,9890200.528212305,4950,4950,100.0,2093832.3125,22719462.750389043,100,251,2.9143434343434342
150000000000,125,10229211.645937769,4950,4950,100.0,2093832.3125,23458765.5,100,226,3.0707070707070705
150000000000,150,10382181.695512712,4950,4950,100.0,2093832.3125,23900175.5,100,201,3.112727272727273
150000000000,175,10724513.07740252,4950,4950,100.0,2093832.3125,24610933.0,100,176,3.2183838383838386
150000000000,200,11599649.363500865,4950,4950,100.0,2093832.3125,27702251.25,100,151,3.3955555555555557
150000000000,225,12245428.138979591,4950,4950,100.0,2093832.3125,30870037.59287871,100,126,3.5983838383838385
150000000000,250,13799732.349770706,4950,4950,100.0,2093832.3125,36326802.25,100,101,3.752929292929293
155000000000,0,9504083.866997091,4950,4950,100.0,2089766.0625,21706399.5,100,351,2.6183838383838385
155000000000,25,9565497.291376516,4950,4950,100.0,2089766.0625,22068926.0,100,326,2.6644444444444444
155000000000,50,9683054.718404504,4950,4950,100.0,2089766.0625,22239277.041425653,100,301,2.7735353535353537
155000000000,75,9765550.137232296,4950,4950,100.0,2089766.0625,22476989.75,100,276,2.8535353535353534
155000000000,100,10079676.757621208,4950,4950,100.0,2089766.0625,22691768.875,100,251,2.995151515151515
155000000000,125,10153874.77433603,4950,4950,100.0,2089766.0625,23740565.24736732,100,226,3.0454545454545454
155000000000,150,10534314.212899234,4950,4950,100.0,2089766.0625,23966010.5,100,201,3.155353535353535
155000000000,175,10672999.459752064,4950,4950,100.0,2089766.0625,24601797.0,100,176,3.195353535353535
155000000000,200,11638734.44826742,4950,4950,100.0,2089766.0625,26346235.0,100,151,3.368080808080808
155000000000,225,12251597.19618365,4950,4950,100.0,2089766.0625,30934671.492152274,100,126,3.597171717171717
155000000000,250,13852223.774558011,4950,4950,100.0,2152564.625,36375927.5,100,101,3.761010101010101
165000000000,0,9487908.867475491,4950,4950,100.0,2083128.8125,21707420.0,100,351,2.6125252525252525
165000000000,25,9559252.804523768,4950,4950,100.0,2083128.8125,21987389.092516206,100,326,2.6614141414141415
165000000000,50,9661117.332425198,4950,4950,100.0,2083128.8125,22243398.195802942,100,301,2.7563636363636363
165000000000,75,9752072.279743541,4950,4950,100.0,2083128.8125,22355785.5,100,276,2.853131313131313
165000000000,100,10057910.243951336,4950,4950,100.0,2083128.8125,22491656.833127007,100,251,2.9804040404040406
165000000000,125,10162517.935040062,4950,4950,100.0,2083128.8125,23602665.5,100,226,3.05010101010101
165000000000,150,10461389.958751986,4950,4950,100.0,2083128.8125,23792797.592653744,100,201,3.12969696969697
165000000000,175,10787007.89319006,4950,4950,100.0,2083128.8125,24188945.75,100,176,3.2347474747474747
165000000000,200,11587806.935159327,4950,4950,100.0,2083128.8125,28983463.669296905,100,151,3.51010101010101
165000000000,225,12455037.453184351,4950,4950,100.0,2083128.8125,32083623.721867602,100,126,3.6236363636363635
165000000000,250,14162534.878667621,4753,4950,96.02020202020202,2180776.0625,37859521.5,100,101,3.9152114454029032
180000000000,0,9496204.567561902,4950,4950,100.0,2090209.4375,21713026.5,100,351,2.6113131313131315
180000000000,25,9552908.037259884,4950,4950,100.0,2090209.4375,22183662.78571638,100,326,2.659393939393939
180000000000,50,9641225.119110111,4950,4950,100.0,2090209.4375,22183662.78571638,100,301,2.743838383838384
180000000000,75,9759541.465935368,4950,4950,100.0,2090209.4375,22324976.963696256,100,276,2.84
180000000000,100,10052171.96586829,4950,4950,100.0,2090209.4375,22688670.869594038,100,251,2.973939393939394
180000000000,125,10120911.273161078,4950,4950,100.0,2090209.4375,23250285.375,100,226,3.0305050505050506
180000000000,150,10376063.46630298,4950,4950,100.0,2090209.4375,23492056.75,100,201,3.1135353535353536
180000000000,175,11076643.578481738,4950,4950,100.0,2090209.4375,25967765.0,100,176,3.2751515151515154
180000000000,200,11665775.477348788,4950,4950,100.0,2090209.4375,29485021.632281277,100,151,3.572323232323232
180000000000,225,12519820.421503173,4950,4950,100.0,2090209.4375,31657766.63058915,100,126,3.685656565656566
180000000000,250,14264949.55084674,4753,4950,96.02020202020202,2174712.875,38002677.125,100,101,3.9593940669051126
170000000000,0,9494122.102741772,4950,4950,100.0,2083218.125,21708745.5,100,351,2.612727272727273
170000000000,25,9563750.813667495,4950,4950,100.0,2083218.125,22075274.25,100,326,2.6694949494949496
170000000000,50,9652295.435472319,4950,4950,100.0,2083218.125,22245607.27090669,100,301,2.7614141414141415
170000000000,75,9782624.021798786,4950,4950,100.0,2083218.125,22423154.942433618,100,276,2.8638383838383836
170000000000,100,10065466.014138075,4950,4950,100.0,2083218.125,22686753.625,100,251,2.998989898989899
170000000000,125,10146258.286629235,4950,4950,100.0,2083218.125,23600563.0,100,226,3.045858585858586
170000000000,150,10551521.281414527,4950,4950,100.0,2083218.125,24015823.25,100,201,3.1313131313131315
170000000000,175,10787478.73630434,4950,4950,100.0,2083218.125,24212023.25,100,176,3.2507070707070707
170000000000,200,11435066.556986418,4950,4950,100.0,2083218.125,29545690.737247437,100,151,3.4078787878787877
170000000000,225,13308532.684724957,4950,4950,100.0,2083218.125,31767255.06486485,100,126,3.657979797979798
170000000000,250,14189416.22907308,4753,4950,96.02020202020202,2176722.25,37905072.625,100,101,3.8699768567220705
160000000000,0,9064289.902706191,4950,4950,100.0,2085313.625,21443462.487104237,100,351,2.6464646464646466
160000000000,25,9557087.331682786,4950,4950,100.0,2085313.625,21987784.630301397,100,326,2.652929292929293
160000000000,50,9669581.337200968,4950,4950,100.0,2085313.625,22241288.373588726,100,301,2.7593939393939393
160000000000,75,9744293.26032453,4950,4950,100.0,2085313.625,22370678.5,100,276,2.834747474747475
160000000000,100,9918874.116902813,4950,4950,100.0,2085313.625,22495643.775560245,100,251,2.948080808080808
160000000000,125,10168191.406392606,4950,4950,100.0,2085313.625,23739025.55941713,100,226,3.054949494949495
160000000000,150,10516509.67832917,4950,4950,100.0,2085313.625,23964976.5,100,201,3.1462626262626263
160000000000,175,10789085.61369173,4950,4950,100.0,2085313.625,24604853.75,100,176,3.2533333333333334
160000000000,200,11387145.618127586,4950,4950,100.0,2085313.625,28963851.898327414,100,151,3.394343434343434
160000000000,225,12340503.31735035,4950,4950,100.0,2085313.625,32081989.96927715,100,126,3.5898989898989897
160000000000,250,13907385.961884765,4950,4950,100.0,2167897.875,36397935.75,100,101,3.7595959595959596
190000000000,0,9494620.228602545,4950,4950,100.0,2087637.3125,21871484.0,100,351,2.609292929292929
190000000000,25,9551982.03389603,4950,4950,100.0,2087637.3125,22178554.416467015,100,326,2.6555555555555554
190000000000,50,9665585.264981452,4950,4950,100.0,2087637.3125,22243065.610991705,100,301,2.78
190000000000,75,9758624.433087531,4950,4950,100.0,2087637.3125,22323082.716631453,100,276,2.8412121212121213
190000000000,100,10053043.831531784,4950,4950,100.0,2087637.3125,22642298.23403842,100,251,2.971919191919192
190000000000,125,10120895.115995811,4950,4950,100.0,2087637.3125,23181306.625,100,226,3.0327272727272727
190000000000,150,10364443.391398666,4950,4950,100.0,2087637.3125,23388918.75,100,201,3.1103030303030303
190000000000,175,10846665.73575094,4950,4950,100.0,2087637.3125,27405650.79004331,100,176,3.2795959595959596
190000000000,200,11493756.215506088,4950,4950,100.0,2106196.25,29426476.81538217,100,151,3.408080808080808
190000000000,225,12143620.9737631,4950,4950,100.0,2106196.25,30824223.943682786,100,126,3.6769696969696968
190000000000,250,14097171.300988883,4950,4950,100.0,2106196.25,35324863.445509985,100,101,3.988888888888889
195000000000,0,9495285.478568034,4950,4950,100.0,2087896.5,21877778.5,100,351,2.6115151515151513
195000000000,25,9551174.874115607,4950,4950,100.0,2087896.5,22176349.030735567,100,326,2.652323232323232
195000000000,50,9661828.354573434,4950,4950,100.0,2087896.5,22176349.030735567,100,301,2.776969696969697
195000000000,75,9750409.921287237,4950,4950,100.0,2087896.5,22322451.67383869,100,276,2.8292929292929294
195000000000,100,10065209.77843741,4950,4950,100.0,2087896.5,22643916.026760433,100,251,2.981010101010101
195000000000,125,10124089.75967376,4950,4950,100.0,2087896.5,23149200.875,100,226,3.032121212121212
195000000000,150,10396816.139054338,4950,4950,100.0,2087896.5,23426752.125,100,201,3.176767676767677
195000000000,175,10925595.846842198,4950,4950,100.0,2087896.5,27545402.868065752,100,176,3.3234343434343434
195000000000,200,11589624.38869025,4950,4950,100.0,2087896.5,29398009.62147683,100,151,3.5832323232323233
195000000000,225,12460274.322821226,4950,4950,100.0,2087896.5,31444354.875,100,126,3.596767676767677
195000000000,250,14087063.516193109,4950,4950,100.0,2117503.875,35366880.24664896,100,101,3.9812121212121214
